LOCODE,Name,Latitude,Longitude
USNYC,New York,40.7128,-74.0060
GBLGP,London Gateway,51.5074,0.1278
SGSIN,Singapore,1.3521,103.8198
CNSHA,Shanghai,31.2304,121.4737
NLRTM,Rotterdam,51.9244,4.4777
BEBRU,Brussels,50.8503,4.3517
DEHAM,Hamburg,53.5511,9.9937
AEJEA,Jebel Ali,25.0077,55.0633
KRPUS,Busan,35.1796,129.0756
HKHKG,Hong Kong,22.3193,114.1694
AUMEL,Melbourne,-37.8136,144.9631
AUSTR,Sydney,-33.8688,151.2093
CNSZX,Shenzhen,22.5431,114.0579
CNTXG,Tianjin,39.3434,117.3616
CNNGO,Ningbo,29.8683,121.5440
USLAX,Los Angeles,34.0522,-118.2437
USOAK,Oakland,37.8044,-122.2711
USSEA,Seattle,47.6062,-122.3321
CAVAN,Vancouver,49.2827,-123.1207
CAMTL,Montreal,45.5017,-73.5673
BRSSZ,Santos,-23.9618,-46.3322
BRRIO,Rio de Janeiro,-22.9068,-43.1729
CLSAN,San Antonio,-33.5943,-71.6079
CLVAP,Valparaiso,-33.0472,-71.6127
COCTG,Cartagena,10.3997,-75.5144
PAONX,Panama Canal,9.3817,-79.9197
MXVER,Veracruz,19.1738,-96.1342
MXMZT,Mazatlan,23.2494,-106.4111
JPTOK,Tokyo,35.6762,139.6503
JPYOK,Yokohama,35.4437,139.6380
JPKIX,Kobe,34.6901,135.1956
JPNGO,Nagoya,35.1815,136.9066
KRKAN,Kansai,34.7174,135.1946
TWKHH,Kaohsiung,22.6273,120.3014
TWTAI,Taichung,24.1477,120.6736
MYTPP,Tanjung Pelepas,1.3667,103.5500
MYPKG,Port Klang,3.0067,101.3917
THBKK,Bangkok,13.7563,100.5018
THLCH,Laem Chabang,13.0827,100.8833
VNHPH,Ho Chi Minh City,10.8231,106.6297
VNHUI,Haiphong,20.8449,106.6881
IDJKT,Jakarta,-6.2088,106.8456
IDSBY,Surabaya,-7.2575,112.7521
PHMNL,Manila,14.5995,120.9842
PHCEB,Cebu,10.3157,123.8854
LKCOL,Colombo,6.9271,79.8612
INMAA,Chennai,13.0827,80.2707
INBOM,Mumbai,19.0760,72.8777
INCOK,Cochin,9.9312,76.2673
INGRJ,Gujarat,22.3039,69.0234
SAJED,Jeddah,21.4858,39.1925
SADMM,Dammam,26.4207,50.0888
AERUH,Ras Al Khaimah,25.7895,55.9432
AEFJR,Fujairah,25.1164,56.3265
QADOH,Doha,25.2854,51.5310
KWSHU,Shuwaikh,29.3375,47.9712
BHBAH,Bahrain,26.2235,50.5876
OMMCT,Muscat,23.5859,58.4059
OMSLL,Salalah,17.0151,54.0924
EGALY,Alexandria,31.2001,29.9187
EGPSD,Port Said,31.2653,32.3019
MATNG,Tanger Med,35.8881,-5.5125
MACAS,Casablanca,33.5731,-7.5898
DZALG,Algiers,36.7372,3.0865
TNTUN,Tunis,36.8065,10.1815
LYBEN,Benghazi,32.1167,20.0667
EGDAM,Damietta,31.4167,31.8167
ILHFA,Haifa,32.8184,34.9885
ILASH,Ashdod,31.7928,34.6502
TRAMB,Ambarli,41.0458,28.7417
TRIST,Istanbul,41.0082,28.9784
TRMER,Mersin,36.7914,34.6291
TRALI,Aliaga,38.7928,26.9767
TRTEK,Tekirdag,40.9781,27.5110
GRPIR,Piraeus,37.9445,23.6473
GRTHS,Thessaloniki,40.6401,22.9444
ITGOA,Genoa,44.4056,8.9463
ITNAP,Naples,40.8518,14.2681
ITLIV,Leghorn,43.5519,10.3188
ITTRI,Trieste,45.6495,13.7768
ESVAL,Valencia,39.4699,-0.3763
ESBCN,Barcelona,41.3851,2.1734
ESBIO,Bilbao,43.2630,-2.9350
ESALG,Algeciras,36.1278,-5.4489
FRLEH,Le Havre,49.4944,0.1079
FRMRS,Marseille,43.2965,5.3698
FRDUN,Dunkirk,51.0344,2.3768
BEANR,Antwerp,51.2194,4.4025
BEZEE,Zeebrugge,51.3289,3.2053
DEBRV,Bremerhaven,53.5500,8.5833
DEWIL,Wilhelmshaven,53.5295,8.1127
NLAMS,Amsterdam,52.3676,4.9041
NOOSL,Oslo,59.9139,10.7522
SEGOT,Gothenburg,57.7089,11.9746
SESTO,Stockholm,59.3293,18.0686
FIHEL,Helsinki,60.1699,24.9384
FIKOK,Kotka,60.4607,26.9464
DKCPH,Copenhagen,55.6761,12.5683
DKAAR,Aarhus,56.1629,10.2039
PLGDY,Gdynia,54.5189,18.5305
PLSCZ,Szczecin,53.4285,14.5528
PLGDN,Gdansk,54.3520,18.6466
LTKLJ,Klaipeda,55.7033,21.1443
LVRIX,Riga,56.9496,24.1052
EETLL,Tallinn,59.4370,24.7536
RULED,St Petersburg,59.9311,30.3609
RUVVO,Vostochnyy,42.9727,132.3987
RUNSI,Nakhodka,42.8168,132.8833
RUVVO,Vladivostok,43.1056,131.8735
AUOOL,Brisbane,-27.4698,153.0251
AUNTL,Newcastle,-32.9283,151.7817
AUFRE,Fremantle,-32.0569,115.7439
AUDAR,Darwin,-12.4634,130.8456
NZAKL,Auckland,-36.8485,174.7633
NZWLG,Wellington,-41.2865,174.7762
NZCHC,Christchurch,-43.5321,172.6362
NZDUD,Dunedin,-45.8788,170.5028
PGPBM,Port Moresby,-9.4780,147.1494
FJSUV,Suva,-18.1416,178.4419
SBHIR,Honiara,-9.4280,159.9547
TVFUN,Funafuti,-8.5243,179.1942
NRMNU,Nauru,-0.5228,166.9315
KIKEK,Tarawa,1.3278,173.0018
MHMAJ,Majuro,7.0937,171.3810
FMKOL,Kolonia,6.9667,158.2070
PWKOE,Koror,7.3333,134.4833
GUAM,GUAM,13.4443,144.7937
MPGUM,Saipan,15.1962,145.7497
ASPPG,Pago Pago,-14.2780,-170.7025
UMMID,Midway Island,28.2117,-177.3607
UMJON,Johnston Atoll,16.7383,-169.5292
UMWAI,Wake Island,19.2893,166.6497
UMJAR,Jarvis Island,-0.3758,-160.0133
UMHOW,Howland Island,0.8113,-176.6183
UMBAK,Baker Island,0.1936,-176.4769
UMKIN,Kingman Reef,6.3833,-162.4167
UMPAL,Palmyra Atoll,5.8833,-162.0833
